Country Name,Country Code,Time,"Intentional homicides (per 100,000 people) "
Argentina,ARG,1960,..
Argentina,ARG,1961,..
Argentina,ARG,1962,..
Argentina,ARG,1963,..
Argentina,ARG,1964,..
Argentina,ARG,1965,..
Argentina,ARG,1966,..
Argentina,ARG,1967,..
Argentina,ARG,1968,..
Argentina,ARG,1969,..
Argentina,ARG,1970,..
Argentina,ARG,1971,..
Argentina,ARG,1972,..
Argentina,ARG,1973,..
Argentina,ARG,1974,..
Argentina,ARG,1975,..
Argentina,ARG,1976,..
Argentina,ARG,1977,..
Argentina,ARG,1978,..
Argentina,ARG,1979,..
Argentina,ARG,1980,..
Argentina,ARG,1981,..
Argentina,ARG,1982,..
Argentina,ARG,1983,..
Argentina,ARG,1984,..
Argentina,ARG,1985,..
Argentina,ARG,1986,..
Argentina,ARG,1987,..
Argentina,ARG,1988,..
Argentina,ARG,1989,..
Argentina,ARG,1990,..
Argentina,ARG,1991,..
Argentina,ARG,1992,..
Argentina,ARG,1993,..
Argentina,ARG,1994,..
Argentina,ARG,1995,..
Argentina,ARG,1996,..
Argentina,ARG,1997,..
Argentina,ARG,1998,..
Argentina,ARG,1999,..
Argentina,ARG,2000,..
Argentina,ARG,2001,8.39422117
Argentina,ARG,2002,9.474084041
Argentina,ARG,2003,7.789882479
Argentina,ARG,2004,6.073994134
Argentina,ARG,2005,5.651413609
Argentina,ARG,2006,5.372885371
Argentina,ARG,2007,5.39004049
Argentina,ARG,2008,5.915645195
Argentina,ARG,2009,6.52623068
Argentina,ARG,2010,5.829456464
Argentina,ARG,2011,6.076887217
Argentina,ARG,2012,6.341726925
Argentina,ARG,2013,7.280305064
Argentina,ARG,2014,7.570798931
Argentina,ARG,2015,6.586123277
Argentina,ARG,2016,6.033309523
Argentina,ARG,2017,5.209715161
Argentina,ARG,2018,5.324478739
Argentina,ARG,2019,..
Bolivia,BOL,1960,..
Bolivia,BOL,1961,..
Bolivia,BOL,1962,..
Bolivia,BOL,1963,..
Bolivia,BOL,1964,..
Bolivia,BOL,1965,..
Bolivia,BOL,1966,..
Bolivia,BOL,1967,..
Bolivia,BOL,1968,..
Bolivia,BOL,1969,..
Bolivia,BOL,1970,..
Bolivia,BOL,1971,..
Bolivia,BOL,1972,..
Bolivia,BOL,1973,..
Bolivia,BOL,1974,..
Bolivia,BOL,1975,..
Bolivia,BOL,1976,..
Bolivia,BOL,1977,..
Bolivia,BOL,1978,..
Bolivia,BOL,1979,..
Bolivia,BOL,1980,..
Bolivia,BOL,1981,..
Bolivia,BOL,1982,..
Bolivia,BOL,1983,..
Bolivia,BOL,1984,..
Bolivia,BOL,1985,..
Bolivia,BOL,1986,..
Bolivia,BOL,1987,..
Bolivia,BOL,1988,..
Bolivia,BOL,1989,..
Bolivia,BOL,1990,..
Bolivia,BOL,1991,..
Bolivia,BOL,1992,..
Bolivia,BOL,1993,..
Bolivia,BOL,1994,..
Bolivia,BOL,1995,..
Bolivia,BOL,1996,..
Bolivia,BOL,1997,..
Bolivia,BOL,1998,..
Bolivia,BOL,1999,..
Bolivia,BOL,2000,..
Bolivia,BOL,2001,..
Bolivia,BOL,2002,..
Bolivia,BOL,2003,..
Bolivia,BOL,2004,..
Bolivia,BOL,2005,5.177474175
Bolivia,BOL,2006,5.130143328
Bolivia,BOL,2007,8.055709521
Bolivia,BOL,2008,8.517241809
Bolivia,BOL,2009,8.285456747
Bolivia,BOL,2010,12.66843521
Bolivia,BOL,2011,12.10228072
Bolivia,BOL,2012,11.76563888
Bolivia,BOL,2013,8.840512693
Bolivia,BOL,2014,8.798379529
Bolivia,BOL,2015,6.17310528
Bolivia,BOL,2016,6.218374444
Bolivia,BOL,2017,..
Bolivia,BOL,2018,..
Bolivia,BOL,2019,..
Chile,CHL,1960,..
Chile,CHL,1961,..
Chile,CHL,1962,..
Chile,CHL,1963,..
Chile,CHL,1964,..
Chile,CHL,1965,..
Chile,CHL,1966,..
Chile,CHL,1967,..
Chile,CHL,1968,..
Chile,CHL,1969,..
Chile,CHL,1970,..
Chile,CHL,1971,..
Chile,CHL,1972,..
Chile,CHL,1973,..
Chile,CHL,1974,..
Chile,CHL,1975,..
Chile,CHL,1976,..
Chile,CHL,1977,..
Chile,CHL,1978,..
Chile,CHL,1979,..
Chile,CHL,1980,..
Chile,CHL,1981,..
Chile,CHL,1982,..
Chile,CHL,1983,..
Chile,CHL,1984,..
Chile,CHL,1985,..
Chile,CHL,1986,..
Chile,CHL,1987,..
Chile,CHL,1988,..
Chile,CHL,1989,..
Chile,CHL,1990,..
Chile,CHL,1991,..
Chile,CHL,1992,..
Chile,CHL,1993,..
Chile,CHL,1994,..
Chile,CHL,1995,..
Chile,CHL,1996,..
Chile,CHL,1997,..
Chile,CHL,1998,..
Chile,CHL,1999,..
Chile,CHL,2000,..
Chile,CHL,2001,..
Chile,CHL,2002,..
Chile,CHL,2003,3.236664736
Chile,CHL,2004,..
Chile,CHL,2005,3.559353738
Chile,CHL,2006,3.607568238
Chile,CHL,2007,3.72651246
Chile,CHL,2008,3.519218494
Chile,CHL,2009,3.730860685
Chile,CHL,2010,3.17069021
Chile,CHL,2011,3.690468564
Chile,CHL,2012,2.494201413
Chile,CHL,2013,3.164212799
Chile,CHL,2014,2.466359393
Chile,CHL,2015,3.394668123
Chile,CHL,2016,3.360962052
Chile,CHL,2017,4.217550913
Chile,CHL,2018,4.404894484
Chile,CHL,2019,..
Colombia,COL,1960,..
Colombia,COL,1961,..
Colombia,COL,1962,..
Colombia,COL,1963,..
Colombia,COL,1964,..
Colombia,COL,1965,..
Colombia,COL,1966,..
Colombia,COL,1967,..
Colombia,COL,1968,..
Colombia,COL,1969,..
Colombia,COL,1970,..
Colombia,COL,1971,..
Colombia,COL,1972,..
Colombia,COL,1973,..
Colombia,COL,1974,..
Colombia,COL,1975,..
Colombia,COL,1976,..
Colombia,COL,1977,..
Colombia,COL,1978,..
Colombia,COL,1979,..
Colombia,COL,1980,..
Colombia,COL,1981,..
Colombia,COL,1982,..
Colombia,COL,1983,..
Colombia,COL,1984,..
Colombia,COL,1985,..
Colombia,COL,1986,..
Colombia,COL,1987,..
Colombia,COL,1988,..
Colombia,COL,1989,..
Colombia,COL,1990,73.49882724
Colombia,COL,1991,84.19848282
Colombia,COL,1992,81.87651775
Colombia,COL,1993,81.04864366
Colombia,COL,1994,75.72643715
Colombia,COL,1995,61.2853342
Colombia,COL,1996,62.97808899
Colombia,COL,1997,61.49963194
Colombia,COL,1998,60.18354509
Colombia,COL,1999,62.44956983
Colombia,COL,2000,66.96700338
Colombia,COL,2001,69.15746828
Colombia,COL,2002,69.4477013
Colombia,COL,2003,56.70396437
Colombia,COL,2004,48.03218599
Colombia,COL,2005,42.46650308
Colombia,COL,2006,40.4598043
Colombia,COL,2007,39.32093805
Colombia,COL,2008,36.47047839
Colombia,COL,2009,35.34520875
Colombia,COL,2010,34.18416048
Colombia,COL,2011,35.31762993
Colombia,COL,2012,35.68039662
Colombia,COL,2013,33.16235475
Colombia,COL,2014,28.40888163
Colombia,COL,2015,26.89777061
Colombia,COL,2016,25.74361732
Colombia,COL,2017,25.01950323
Colombia,COL,2018,25.3438026
Colombia,COL,2019,..
Cuba,CUB,1960,..
Cuba,CUB,1961,..
Cuba,CUB,1962,..
Cuba,CUB,1963,..
Cuba,CUB,1964,..
Cuba,CUB,1965,..
Cuba,CUB,1966,..
Cuba,CUB,1967,..
Cuba,CUB,1968,..
Cuba,CUB,1969,..
Cuba,CUB,1970,..
Cuba,CUB,1971,..
Cuba,CUB,1972,..
Cuba,CUB,1973,..
Cuba,CUB,1974,..
Cuba,CUB,1975,..
Cuba,CUB,1976,..
Cuba,CUB,1977,..
Cuba,CUB,1978,..
Cuba,CUB,1979,..
Cuba,CUB,1980,..
Cuba,CUB,1981,..
Cuba,CUB,1982,..
Cuba,CUB,1983,..
Cuba,CUB,1984,..
Cuba,CUB,1985,..
Cuba,CUB,1986,..
Cuba,CUB,1987,..
Cuba,CUB,1988,..
Cuba,CUB,1989,..
Cuba,CUB,1990,..
Cuba,CUB,1991,..
Cuba,CUB,1992,6.268403539
Cuba,CUB,1993,7.433282122
Cuba,CUB,1994,8.312988348
Cuba,CUB,1995,7.824951788
Cuba,CUB,1996,6.691479379
Cuba,CUB,1997,6.797255256
Cuba,CUB,1998,7.410288851
Cuba,CUB,1999,5.494072762
Cuba,CUB,2000,5.275729675
Cuba,CUB,2001,5.418876464
Cuba,CUB,2002,5.901962773
Cuba,CUB,2003,5.71724484
Cuba,CUB,2004,5.866474246
Cuba,CUB,2005,6.073744853
Cuba,CUB,2006,5.114889203
Cuba,CUB,2007,5.04838764
Cuba,CUB,2008,4.583083971
Cuba,CUB,2009,5.032640459
Cuba,CUB,2010,4.49855258
Cuba,CUB,2011,4.752297188
Cuba,CUB,2012,5.516512583
Cuba,CUB,2013,5.973735771
Cuba,CUB,2014,5.306490041
Cuba,CUB,2015,5.465891293
Cuba,CUB,2016,5.046268637
Cuba,CUB,2017,..
Cuba,CUB,2018,..
Cuba,CUB,2019,..
Costa Rica,CRI,1960,..
Costa Rica,CRI,1961,..
Costa Rica,CRI,1962,..
Costa Rica,CRI,1963,..
Costa Rica,CRI,1964,..
Costa Rica,CRI,1965,..
Costa Rica,CRI,1966,..
Costa Rica,CRI,1967,..
Costa Rica,CRI,1968,..
Costa Rica,CRI,1969,..
Costa Rica,CRI,1970,..
Costa Rica,CRI,1971,..
Costa Rica,CRI,1972,..
Costa Rica,CRI,1973,..
Costa Rica,CRI,1974,..
Costa Rica,CRI,1975,..
Costa Rica,CRI,1976,..
Costa Rica,CRI,1977,..
Costa Rica,CRI,1978,..
Costa Rica,CRI,1979,..
Costa Rica,CRI,1980,..
Costa Rica,CRI,1981,..
Costa Rica,CRI,1982,..
Costa Rica,CRI,1983,..
Costa Rica,CRI,1984,..
Costa Rica,CRI,1985,..
Costa Rica,CRI,1986,..
Costa Rica,CRI,1987,..
Costa Rica,CRI,1988,..
Costa Rica,CRI,1989,..
Costa Rica,CRI,1990,4.455933701
Costa Rica,CRI,1991,4.12231663
Costa Rica,CRI,1992,4.868364002
Costa Rica,CRI,1993,4.744539184
Costa Rica,CRI,1994,5.26189644
Costa Rica,CRI,1995,5.189641926
Costa Rica,CRI,1996,5.203227322
Costa Rica,CRI,1997,5.646752096
Costa Rica,CRI,1998,5.88870402
Costa Rica,CRI,1999,6.305611634
Costa Rica,CRI,2000,6.284119425
Costa Rica,CRI,2001,6.370730929
Costa Rica,CRI,2002,6.291268159
Costa Rica,CRI,2003,7.204519251
Costa Rica,CRI,2004,6.626974247
Costa Rica,CRI,2005,7.817050223
Costa Rica,CRI,2006,8.077468213
Costa Rica,CRI,2007,8.377555779
Costa Rica,CRI,2008,11.4717878
Costa Rica,CRI,2009,11.61314555
Costa Rica,CRI,2010,11.51315897
Costa Rica,CRI,2011,10.23076196
Costa Rica,CRI,2012,8.681735059
Costa Rica,CRI,2013,8.667026141
Costa Rica,CRI,2014,9.947053316
Costa Rica,CRI,2015,11.48973608
Costa Rica,CRI,2016,11.79751705
Costa Rica,CRI,2017,12.18192893
Costa Rica,CRI,2018,11.2612545
Costa Rica,CRI,2019,..
Dominican Republic,DOM,1960,..
Dominican Republic,DOM,1961,..
Dominican Republic,DOM,1962,..
Dominican Republic,DOM,1963,..
Dominican Republic,DOM,1964,..
Dominican Republic,DOM,1965,..
Dominican Republic,DOM,1966,..
Dominican Republic,DOM,1967,..
Dominican Republic,DOM,1968,..
Dominican Republic,DOM,1969,..
Dominican Republic,DOM,1970,..
Dominican Republic,DOM,1971,..
Dominican Republic,DOM,1972,..
Dominican Republic,DOM,1973,..
Dominican Republic,DOM,1974,..
Dominican Republic,DOM,1975,..
Dominican Republic,DOM,1976,..
Dominican Republic,DOM,1977,..
Dominican Republic,DOM,1978,..
Dominican Republic,DOM,1979,..
Dominican Republic,DOM,1980,..
Dominican Republic,DOM,1981,..
Dominican Republic,DOM,1982,..
Dominican Republic,DOM,1983,..
Dominican Republic,DOM,1984,..
Dominican Republic,DOM,1985,..
Dominican Republic,DOM,1986,..
Dominican Republic,DOM,1987,..
Dominican Republic,DOM,1988,..
Dominican Republic,DOM,1989,..
Dominican Republic,DOM,1990,..
Dominican Republic,DOM,1991,12.48897415
Dominican Republic,DOM,1992,10.89313003
Dominican Republic,DOM,1993,12.32364761
Dominican Republic,DOM,1994,13.0796242
Dominican Republic,DOM,1995,12.87849112
Dominican Republic,DOM,1996,12.97661719
Dominican Republic,DOM,1997,12.83953171
Dominican Republic,DOM,1998,13.6467218
Dominican Republic,DOM,1999,12.77673742
Dominican Republic,DOM,2000,14.28349335
Dominican Republic,DOM,2001,12.7346327
Dominican Republic,DOM,2002,14.65906947
Dominican Republic,DOM,2003,21.49075564
Dominican Republic,DOM,2004,24.94862077
Dominican Republic,DOM,2005,26.31561013
Dominican Republic,DOM,2006,23.25712323
Dominican Republic,DOM,2007,22.60448175
Dominican Republic,DOM,2008,25.31169384
Dominican Republic,DOM,2009,24.79968123
Dominican Republic,DOM,2010,25.51800045
Dominican Republic,DOM,2011,25.60831466
Dominican Republic,DOM,2012,22.83777247
Dominican Republic,DOM,2013,19.6850668
Dominican Republic,DOM,2014,17.80587893
Dominican Republic,DOM,2015,..
Dominican Republic,DOM,2016,15.54184189
Dominican Republic,DOM,2017,11.56650967
Dominican Republic,DOM,2018,10.04973395
Dominican Republic,DOM,2019,..
Grenada,GRD,1960,..
Grenada,GRD,1961,..
Grenada,GRD,1962,..
Grenada,GRD,1963,..
Grenada,GRD,1964,..
Grenada,GRD,1965,..
Grenada,GRD,1966,..
Grenada,GRD,1967,..
Grenada,GRD,1968,..
Grenada,GRD,1969,..
Grenada,GRD,1970,..
Grenada,GRD,1971,..
Grenada,GRD,1972,..
Grenada,GRD,1973,..
Grenada,GRD,1974,..
Grenada,GRD,1975,..
Grenada,GRD,1976,..
Grenada,GRD,1977,..
Grenada,GRD,1978,..
Grenada,GRD,1979,..
Grenada,GRD,1980,..
Grenada,GRD,1981,..
Grenada,GRD,1982,..
Grenada,GRD,1983,..
Grenada,GRD,1984,..
Grenada,GRD,1985,..
Grenada,GRD,1986,..
Grenada,GRD,1987,..
Grenada,GRD,1988,..
Grenada,GRD,1989,..
Grenada,GRD,1990,..
Grenada,GRD,1991,..
Grenada,GRD,1992,..
Grenada,GRD,1993,..
Grenada,GRD,1994,..
Grenada,GRD,1995,..
Grenada,GRD,1996,..
Grenada,GRD,1997,..
Grenada,GRD,1998,..
Grenada,GRD,1999,..
Grenada,GRD,2000,14.5861898
Grenada,GRD,2001,5.811588307
Grenada,GRD,2002,13.50881933
Grenada,GRD,2003,8.653596531
Grenada,GRD,2004,5.750100627
Grenada,GRD,2005,10.51042443
Grenada,GRD,2006,11.43532372
Grenada,GRD,2007,10.45796374
Grenada,GRD,2008,15.17206065
Grenada,GRD,2009,6.61707015
Grenada,GRD,2010,9.413802517
Grenada,GRD,2011,3.745809376
Grenada,GRD,2012,13.02907345
Grenada,GRD,2013,5.546721887
Grenada,GRD,2014,7.346189164
Grenada,GRD,2015,5.474302711
Grenada,GRD,2016,9.976147937
Grenada,GRD,2017,10.82309649
Grenada,GRD,2018,..
Grenada,GRD,2019,..
El Salvador,SLV,1960,..
El Salvador,SLV,1961,..
El Salvador,SLV,1962,..
El Salvador,SLV,1963,..
El Salvador,SLV,1964,..
El Salvador,SLV,1965,..
El Salvador,SLV,1966,..
El Salvador,SLV,1967,..
El Salvador,SLV,1968,..
El Salvador,SLV,1969,..
El Salvador,SLV,1970,..
El Salvador,SLV,1971,..
El Salvador,SLV,1972,..
El Salvador,SLV,1973,..
El Salvador,SLV,1974,..
El Salvador,SLV,1975,..
El Salvador,SLV,1976,..
El Salvador,SLV,1977,..
El Salvador,SLV,1978,..
El Salvador,SLV,1979,..
El Salvador,SLV,1980,..
El Salvador,SLV,1981,..
El Salvador,SLV,1982,..
El Salvador,SLV,1983,..
El Salvador,SLV,1984,..
El Salvador,SLV,1985,..
El Salvador,SLV,1986,..
El Salvador,SLV,1987,..
El Salvador,SLV,1988,..
El Salvador,SLV,1989,..
El Salvador,SLV,1990,..
El Salvador,SLV,1991,..
El Salvador,SLV,1992,..
El Salvador,SLV,1993,..
El Salvador,SLV,1994,137.9560569
El Salvador,SLV,1995,141.7225805
El Salvador,SLV,1996,119.3685069
El Salvador,SLV,1997,114.3868877
El Salvador,SLV,1998,96.31299239
El Salvador,SLV,1999,65.78458858
El Salvador,SLV,2000,60.30982026
El Salvador,SLV,2001,60.57026142
El Salvador,SLV,2002,47.55004873
El Salvador,SLV,2003,55.9886221
El Salvador,SLV,2004,64.69337218
El Salvador,SLV,2005,64.14277037
El Salvador,SLV,2006,64.59524344
El Salvador,SLV,2007,57.27331836
El Salvador,SLV,2008,51.84476188
El Salvador,SLV,2009,71.16318846
El Salvador,SLV,2010,64.47411551
El Salvador,SLV,2011,70.38004743
El Salvador,SLV,2012,41.58436095
El Salvador,SLV,2013,40.10484393
El Salvador,SLV,2014,62.28630286
El Salvador,SLV,2015,105.2311885
El Salvador,SLV,2016,83.00639209
El Salvador,SLV,2017,61.70825739
El Salvador,SLV,2018,52.01892617
El Salvador,SLV,2019,..
Guatemala,GTM,1960,..
Guatemala,GTM,1961,..
Guatemala,GTM,1962,..
Guatemala,GTM,1963,..
Guatemala,GTM,1964,..
Guatemala,GTM,1965,..
Guatemala,GTM,1966,..
Guatemala,GTM,1967,..
Guatemala,GTM,1968,..
Guatemala,GTM,1969,..
Guatemala,GTM,1970,..
Guatemala,GTM,1971,..
Guatemala,GTM,1972,..
Guatemala,GTM,1973,..
Guatemala,GTM,1974,..
Guatemala,GTM,1975,..
Guatemala,GTM,1976,..
Guatemala,GTM,1977,..
Guatemala,GTM,1978,..
Guatemala,GTM,1979,..
Guatemala,GTM,1980,..
Guatemala,GTM,1981,..
Guatemala,GTM,1982,..
Guatemala,GTM,1983,..
Guatemala,GTM,1984,..
Guatemala,GTM,1985,..
Guatemala,GTM,1986,..
Guatemala,GTM,1987,..
Guatemala,GTM,1988,..
Guatemala,GTM,1989,..
Guatemala,GTM,1990,..
Guatemala,GTM,1991,..
Guatemala,GTM,1992,27.49122629
Guatemala,GTM,1993,32.50928517
Guatemala,GTM,1994,31.84136375
Guatemala,GTM,1995,31.32059744
Guatemala,GTM,1996,33.99182994
Guatemala,GTM,1997,36.72054827
Guatemala,GTM,1998,29.73008852
Guatemala,GTM,1999,23.31563628
Guatemala,GTM,2000,24.92544682
Guatemala,GTM,2001,27.08608789
Guatemala,GTM,2002,29.74071113
Guatemala,GTM,2003,33.89470116
Guatemala,GTM,2004,35.21939566
Guatemala,GTM,2005,40.76045042
Guatemala,GTM,2006,43.92767288
Guatemala,GTM,2007,42.19607621
Guatemala,GTM,2008,44.92225708
Guatemala,GTM,2009,45.38897788
Guatemala,GTM,2010,40.73703968
Guatemala,GTM,2011,38.00307075
Guatemala,GTM,2012,33.75729351
Guatemala,GTM,2013,33.68209984
Guatemala,GTM,2014,31.38808828
Guatemala,GTM,2015,29.39868973
Guatemala,GTM,2016,27.25669943
Guatemala,GTM,2017,26.07156651
Guatemala,GTM,2018,22.50134872
Guatemala,GTM,2019,..
Honduras,HND,1960,..
Honduras,HND,1961,..
Honduras,HND,1962,..
Honduras,HND,1963,..
Honduras,HND,1964,..
Honduras,HND,1965,..
Honduras,HND,1966,..
Honduras,HND,1967,..
Honduras,HND,1968,..
Honduras,HND,1969,..
Honduras,HND,1970,..
Honduras,HND,1971,..
Honduras,HND,1972,..
Honduras,HND,1973,..
Honduras,HND,1974,..
Honduras,HND,1975,..
Honduras,HND,1976,..
Honduras,HND,1977,..
Honduras,HND,1978,..
Honduras,HND,1979,..
Honduras,HND,1980,..
Honduras,HND,1981,..
Honduras,HND,1982,..
Honduras,HND,1983,..
Honduras,HND,1984,..
Honduras,HND,1985,..
Honduras,HND,1986,..
Honduras,HND,1987,..
Honduras,HND,1988,..
Honduras,HND,1989,..
Honduras,HND,1990,10.00005247
Honduras,HND,1991,13.8036729
Honduras,HND,1992,18.21096232
Honduras,HND,1993,23.21887596
Honduras,HND,1994,30.31996349
Honduras,HND,1995,26.86980755
Honduras,HND,1996,..
Honduras,HND,1997,..
Honduras,HND,1998,..
Honduras,HND,1999,40.06477895
Honduras,HND,2000,48.30778263
Honduras,HND,2001,51.65944106
Honduras,HND,2002,52.28547262
Honduras,HND,2003,57.31515441
Honduras,HND,2004,49.96599594
Honduras,HND,2005,43.06217658
Honduras,HND,2006,40.84201619
Honduras,HND,2007,45.94980867
Honduras,HND,2008,55.82038741
Honduras,HND,2009,64.77907636
Honduras,HND,2010,74.97474892
Honduras,HND,2011,83.76696653
Honduras,HND,2012,83.00261137
Honduras,HND,2013,73.09180494
Honduras,HND,2014,65.78022482
Honduras,HND,2015,56.49132263
Honduras,HND,2016,55.55079748
Honduras,HND,2017,40.97988592
Honduras,HND,2018,38.9255911
Honduras,HND,2019,..
Mexico,MEX,1960,..
Mexico,MEX,1961,..
Mexico,MEX,1962,..
Mexico,MEX,1963,..
Mexico,MEX,1964,..
Mexico,MEX,1965,..
Mexico,MEX,1966,..
Mexico,MEX,1967,..
Mexico,MEX,1968,..
Mexico,MEX,1969,..
Mexico,MEX,1970,..
Mexico,MEX,1971,..
Mexico,MEX,1972,..
Mexico,MEX,1973,..
Mexico,MEX,1974,..
Mexico,MEX,1975,..
Mexico,MEX,1976,..
Mexico,MEX,1977,..
Mexico,MEX,1978,..
Mexico,MEX,1979,..
Mexico,MEX,1980,..
Mexico,MEX,1981,..
Mexico,MEX,1982,..
Mexico,MEX,1983,..
Mexico,MEX,1984,..
Mexico,MEX,1985,..
Mexico,MEX,1986,..
Mexico,MEX,1987,..
Mexico,MEX,1988,..
Mexico,MEX,1989,..
Mexico,MEX,1990,17.26525939
Mexico,MEX,1991,17.69095582
Mexico,MEX,1992,19.05710489
Mexico,MEX,1993,18.09864075
Mexico,MEX,1994,17.56835977
Mexico,MEX,1995,17.03190012
Mexico,MEX,1996,15.57215261
Mexico,MEX,1997,14.32391461
Mexico,MEX,1998,14.2166606
Mexico,MEX,1999,12.56503282
Mexico,MEX,2000,10.85643764
Mexico,MEX,2001,10.25442622
Mexico,MEX,2002,9.920856973
Mexico,MEX,2003,9.785506585
Mexico,MEX,2004,8.925997121
Mexico,MEX,2005,9.358974931
Mexico,MEX,2006,9.717353048
Mexico,MEX,2007,8.122157319
Mexico,MEX,2008,12.63905213
Mexico,MEX,2009,17.60831917
Mexico,MEX,2010,22.57545056
Mexico,MEX,2011,23.52123248
Mexico,MEX,2012,22.14213334
Mexico,MEX,2013,19.40886275
Mexico,MEX,2014,16.62579637
Mexico,MEX,2015,17.03782865
Mexico,MEX,2016,19.91269533
Mexico,MEX,2017,25.7089978
Mexico,MEX,2018,29.07106163
Mexico,MEX,2019,..
Nicaragua,NIC,1960,..
Nicaragua,NIC,1961,..
Nicaragua,NIC,1962,..
Nicaragua,NIC,1963,..
Nicaragua,NIC,1964,..
Nicaragua,NIC,1965,..
Nicaragua,NIC,1966,..
Nicaragua,NIC,1967,..
Nicaragua,NIC,1968,..
Nicaragua,NIC,1969,..
Nicaragua,NIC,1970,..
Nicaragua,NIC,1971,..
Nicaragua,NIC,1972,..
Nicaragua,NIC,1973,..
Nicaragua,NIC,1974,..
Nicaragua,NIC,1975,..
Nicaragua,NIC,1976,..
Nicaragua,NIC,1977,..
Nicaragua,NIC,1978,..
Nicaragua,NIC,1979,..
Nicaragua,NIC,1980,..
Nicaragua,NIC,1981,..
Nicaragua,NIC,1982,..
Nicaragua,NIC,1983,..
Nicaragua,NIC,1984,..
Nicaragua,NIC,1985,..
Nicaragua,NIC,1986,..
Nicaragua,NIC,1987,..
Nicaragua,NIC,1988,..
Nicaragua,NIC,1989,..
Nicaragua,NIC,1990,16.10184416
Nicaragua,NIC,1991,17.15261847
Nicaragua,NIC,1992,18.9253603
Nicaragua,NIC,1993,17.07564556
Nicaragua,NIC,1994,15.90257534
Nicaragua,NIC,1995,15.19716004
Nicaragua,NIC,1996,13.96161736
Nicaragua,NIC,1997,14.06479084
Nicaragua,NIC,1998,13.01255518
Nicaragua,NIC,1999,11.24014008
Nicaragua,NIC,2000,9.389838065
Nicaragua,NIC,2001,10.43657333
Nicaragua,NIC,2002,10.61440141
Nicaragua,NIC,2003,11.99898339
Nicaragua,NIC,2004,12.04116363
Nicaragua,NIC,2005,13.40395816
Nicaragua,NIC,2006,13.09451976
Nicaragua,NIC,2007,12.77265778
Nicaragua,NIC,2008,12.98647219
Nicaragua,NIC,2009,13.95865801
Nicaragua,NIC,2010,13.47857456
Nicaragua,NIC,2011,12.50204344
Nicaragua,NIC,2012,11.24942123
Nicaragua,NIC,2013,9.797999559
Nicaragua,NIC,2014,8.546682959
Nicaragua,NIC,2015,8.42005941
Nicaragua,NIC,2016,7.185947903
Nicaragua,NIC,2017,..
Nicaragua,NIC,2018,..
Nicaragua,NIC,2019,..
Paraguay,PRY,1960,..
Paraguay,PRY,1961,..
Paraguay,PRY,1962,..
Paraguay,PRY,1963,..
Paraguay,PRY,1964,..
Paraguay,PRY,1965,..
Paraguay,PRY,1966,..
Paraguay,PRY,1967,..
Paraguay,PRY,1968,..
Paraguay,PRY,1969,..
Paraguay,PRY,1970,..
Paraguay,PRY,1971,..
Paraguay,PRY,1972,..
Paraguay,PRY,1973,..
Paraguay,PRY,1974,..
Paraguay,PRY,1975,..
Paraguay,PRY,1976,..
Paraguay,PRY,1977,..
Paraguay,PRY,1978,..
Paraguay,PRY,1979,..
Paraguay,PRY,1980,..
Paraguay,PRY,1981,..
Paraguay,PRY,1982,..
Paraguay,PRY,1983,..
Paraguay,PRY,1984,..
Paraguay,PRY,1985,..
Paraguay,PRY,1986,..
Paraguay,PRY,1987,..
Paraguay,PRY,1988,..
Paraguay,PRY,1989,..
Paraguay,PRY,1990,..
Paraguay,PRY,1991,..
Paraguay,PRY,1992,..
Paraguay,PRY,1993,..
Paraguay,PRY,1994,..
Paraguay,PRY,1995,..
Paraguay,PRY,1996,..
Paraguay,PRY,1997,..
Paraguay,PRY,1998,..
Paraguay,PRY,1999,..
Paraguay,PRY,2000,18.69175733
Paraguay,PRY,2001,24.20584028
Paraguay,PRY,2002,24.8013452
Paraguay,PRY,2003,22.81206956
Paraguay,PRY,2004,21.09742929
Paraguay,PRY,2005,15.22983399
Paraguay,PRY,2006,12.54817179
Paraguay,PRY,2007,13.05341564
Paraguay,PRY,2008,13.69773811
Paraguay,PRY,2009,13.31933802
Paraguay,PRY,2010,11.85976287
Paraguay,PRY,2011,10.37262347
Paraguay,PRY,2012,10.10665716
Paraguay,PRY,2013,9.277644732
Paraguay,PRY,2014,8.75820741
Paraguay,PRY,2015,9.224449546
Paraguay,PRY,2016,9.870345852
Paraguay,PRY,2017,7.878191796
Paraguay,PRY,2018,7.144839995
Paraguay,PRY,2019,..
Panama,PAN,1960,..
Panama,PAN,1961,..
Panama,PAN,1962,..
Panama,PAN,1963,..
Panama,PAN,1964,..
Panama,PAN,1965,..
Panama,PAN,1966,..
Panama,PAN,1967,..
Panama,PAN,1968,..
Panama,PAN,1969,..
Panama,PAN,1970,..
Panama,PAN,1971,..
Panama,PAN,1972,..
Panama,PAN,1973,..
Panama,PAN,1974,..
Panama,PAN,1975,..
Panama,PAN,1976,..
Panama,PAN,1977,..
Panama,PAN,1978,..
Panama,PAN,1979,..
Panama,PAN,1980,..
Panama,PAN,1981,..
Panama,PAN,1982,..
Panama,PAN,1983,..
Panama,PAN,1984,..
Panama,PAN,1985,..
Panama,PAN,1986,..
Panama,PAN,1987,..
Panama,PAN,1988,..
Panama,PAN,1989,..
Panama,PAN,1990,11.25075174
Panama,PAN,1991,11.65226318
Panama,PAN,1992,12.07322039
Panama,PAN,1993,11.7128793
Panama,PAN,1994,12.03375263
Panama,PAN,1995,13.76079648
Panama,PAN,1996,8.86889097
Panama,PAN,1997,11.03750052
Panama,PAN,1998,9.648671608
Panama,PAN,1999,9.592093692
Panama,PAN,2000,9.866902416
Panama,PAN,2001,9.904063288
Panama,PAN,2002,11.93955916
Panama,PAN,2003,10.50153067
Panama,PAN,2004,9.420815598
Panama,PAN,2005,10.93020225
Panama,PAN,2006,6.515958349
Panama,PAN,2007,8.078360678
Panama,PAN,2008,14.02080198
Panama,PAN,2009,15.70176701
Panama,PAN,2010,12.62802692
Panama,PAN,2011,14.811901
Panama,PAN,2012,16.89370623
Panama,PAN,2013,17.28612076
Panama,PAN,2014,15.48197516
Panama,PAN,2015,11.86849406
Panama,PAN,2016,10.03202072
Panama,PAN,2017,9.666978672
Panama,PAN,2018,9.385022462
Panama,PAN,2019,..
Peru,PER,1960,..
Peru,PER,1961,..
Peru,PER,1962,..
Peru,PER,1963,..
Peru,PER,1964,..
Peru,PER,1965,..
Peru,PER,1966,..
Peru,PER,1967,..
Peru,PER,1968,..
Peru,PER,1969,..
Peru,PER,1970,..
Peru,PER,1971,..
Peru,PER,1972,..
Peru,PER,1973,..
Peru,PER,1974,..
Peru,PER,1975,..
Peru,PER,1976,..
Peru,PER,1977,..
Peru,PER,1978,..
Peru,PER,1979,..
Peru,PER,1980,..
Peru,PER,1981,..
Peru,PER,1982,..
Peru,PER,1983,..
Peru,PER,1984,..
Peru,PER,1985,..
Peru,PER,1986,..
Peru,PER,1987,..
Peru,PER,1988,..
Peru,PER,1989,..
Peru,PER,1990,..
Peru,PER,1991,..
Peru,PER,1992,..
Peru,PER,1993,..
Peru,PER,1994,..
Peru,PER,1995,..
Peru,PER,1996,..
Peru,PER,1997,..
Peru,PER,1998,..
Peru,PER,1999,..
Peru,PER,2000,..
Peru,PER,2001,..
Peru,PER,2002,..
Peru,PER,2003,..
Peru,PER,2004,..
Peru,PER,2005,..
Peru,PER,2006,..
Peru,PER,2007,..
Peru,PER,2008,..
Peru,PER,2009,..
Peru,PER,2010,..
Peru,PER,2011,5.525501127
Peru,PER,2012,6.66965129
Peru,PER,2013,6.760935536
Peru,PER,2014,6.899216799
Peru,PER,2015,7.374287837
Peru,PER,2016,7.87362467
Peru,PER,2017,7.909223863
Peru,PER,2018,..
Peru,PER,2019,..
Uruguay,URY,1960,..
Uruguay,URY,1961,..
Uruguay,URY,1962,..
Uruguay,URY,1963,..
Uruguay,URY,1964,..
Uruguay,URY,1965,..
Uruguay,URY,1966,..
Uruguay,URY,1967,..
Uruguay,URY,1968,..
Uruguay,URY,1969,..
Uruguay,URY,1970,..
Uruguay,URY,1971,..
Uruguay,URY,1972,..
Uruguay,URY,1973,..
Uruguay,URY,1974,..
Uruguay,URY,1975,..
Uruguay,URY,1976,..
Uruguay,URY,1977,..
Uruguay,URY,1978,..
Uruguay,URY,1979,..
Uruguay,URY,1980,..
Uruguay,URY,1981,..
Uruguay,URY,1982,..
Uruguay,URY,1983,..
Uruguay,URY,1984,..
Uruguay,URY,1985,..
Uruguay,URY,1986,..
Uruguay,URY,1987,..
Uruguay,URY,1988,..
Uruguay,URY,1989,..
Uruguay,URY,1990,6.624650518
Uruguay,URY,1991,6.194803582
Uruguay,URY,1992,5.769610574
Uruguay,URY,1993,..
Uruguay,URY,1994,..
Uruguay,URY,1995,5.92381233
Uruguay,URY,1996,6.312775549
Uruguay,URY,1997,7.430833617
Uruguay,URY,1998,7.41404043
Uruguay,URY,1999,6.529615282
Uruguay,URY,2000,6.446299613
Uruguay,URY,2001,6.555462369
Uruguay,URY,2002,6.94518356
Uruguay,URY,2003,5.927198953
Uruguay,URY,2004,6.021401264
Uruguay,URY,2005,5.719792197
Uruguay,URY,2006,6.074451728
Uruguay,URY,2007,5.822760571
Uruguay,URY,2008,6.61632868
Uruguay,URY,2009,6.746921195
Uruguay,URY,2010,6.102510871
Uruguay,URY,2011,5.906927015
Uruguay,URY,2012,7.901804541
Uruguay,URY,2013,7.670892739
Uruguay,URY,2014,7.881335322
Uruguay,URY,2015,8.587306086
Uruguay,URY,2016,7.826785069
Uruguay,URY,2017,8.263873633
Uruguay,URY,2018,12.06045302
Uruguay,URY,2019,..
"Venezuela, RB",VEN,1960,..
"Venezuela, RB",VEN,1961,..
"Venezuela, RB",VEN,1962,..
"Venezuela, RB",VEN,1963,..
"Venezuela, RB",VEN,1964,..
"Venezuela, RB",VEN,1965,..
"Venezuela, RB",VEN,1966,..
"Venezuela, RB",VEN,1967,..
"Venezuela, RB",VEN,1968,..
"Venezuela, RB",VEN,1969,..
"Venezuela, RB",VEN,1970,..
"Venezuela, RB",VEN,1971,..
"Venezuela, RB",VEN,1972,..
"Venezuela, RB",VEN,1973,..
"Venezuela, RB",VEN,1974,..
"Venezuela, RB",VEN,1975,..
"Venezuela, RB",VEN,1976,..
"Venezuela, RB",VEN,1977,..
"Venezuela, RB",VEN,1978,..
"Venezuela, RB",VEN,1979,..
"Venezuela, RB",VEN,1980,..
"Venezuela, RB",VEN,1981,..
"Venezuela, RB",VEN,1982,..
"Venezuela, RB",VEN,1983,..
"Venezuela, RB",VEN,1984,..
"Venezuela, RB",VEN,1985,..
"Venezuela, RB",VEN,1986,..
"Venezuela, RB",VEN,1987,..
"Venezuela, RB",VEN,1988,..
"Venezuela, RB",VEN,1989,..
"Venezuela, RB",VEN,1990,12.60144764
"Venezuela, RB",VEN,1991,12.45004432
"Venezuela, RB",VEN,1992,15.88699589
"Venezuela, RB",VEN,1993,20.42166066
"Venezuela, RB",VEN,1994,22.04003967
"Venezuela, RB",VEN,1995,20.43218378
"Venezuela, RB",VEN,1996,22.16151865
"Venezuela, RB",VEN,1997,18.50007683
"Venezuela, RB",VEN,1998,19.53748378
"Venezuela, RB",VEN,1999,25.1644546
"Venezuela, RB",VEN,2000,33.15910679
"Venezuela, RB",VEN,2001,32.29671299
"Venezuela, RB",VEN,2002,38.31411977
"Venezuela, RB",VEN,2003,44.38856802
"Venezuela, RB",VEN,2004,37.38566675
"Venezuela, RB",VEN,2005,37.6960966
"Venezuela, RB",VEN,2006,45.64958386
"Venezuela, RB",VEN,2007,48.28314977
"Venezuela, RB",VEN,2008,52.7901698
"Venezuela, RB",VEN,2009,49.8911741
"Venezuela, RB",VEN,2010,45.99165498
"Venezuela, RB",VEN,2011,48.80248539
"Venezuela, RB",VEN,2012,54.73960253
"Venezuela, RB",VEN,2013,..
"Venezuela, RB",VEN,2014,63.34259928
"Venezuela, RB",VEN,2015,52.03806272
"Venezuela, RB",VEN,2016,59.555297
"Venezuela, RB",VEN,2017,49.87674509
"Venezuela, RB",VEN,2018,36.68763484
"Venezuela, RB",VEN,2019,..
Suriname,SUR,1960,..
Suriname,SUR,1961,..
Suriname,SUR,1962,..
Suriname,SUR,1963,..
Suriname,SUR,1964,..
Suriname,SUR,1965,..
Suriname,SUR,1966,..
Suriname,SUR,1967,..
Suriname,SUR,1968,..
Suriname,SUR,1969,..
Suriname,SUR,1970,..
Suriname,SUR,1971,..
Suriname,SUR,1972,..
Suriname,SUR,1973,..
Suriname,SUR,1974,..
Suriname,SUR,1975,..
Suriname,SUR,1976,..
Suriname,SUR,1977,..
Suriname,SUR,1978,..
Suriname,SUR,1979,..
Suriname,SUR,1980,..
Suriname,SUR,1981,..
Suriname,SUR,1982,..
Suriname,SUR,1983,..
Suriname,SUR,1984,..
Suriname,SUR,1985,..
Suriname,SUR,1986,..
Suriname,SUR,1987,..
Suriname,SUR,1988,..
Suriname,SUR,1989,..
Suriname,SUR,1990,..
Suriname,SUR,1991,..
Suriname,SUR,1992,..
Suriname,SUR,1993,..
Suriname,SUR,1994,..
Suriname,SUR,1995,..
Suriname,SUR,1996,..
Suriname,SUR,1997,..
Suriname,SUR,1998,..
Suriname,SUR,1999,..
Suriname,SUR,2000,14.43908405
Suriname,SUR,2001,16.57664917
Suriname,SUR,2002,11.82013487
Suriname,SUR,2003,12.29664425
Suriname,SUR,2004,9.317776698
Suriname,SUR,2005,13.81489245
Suriname,SUR,2006,12.27013291
Suriname,SUR,2007,8.803144092
Suriname,SUR,2008,8.315252494
Suriname,SUR,2009,..
Suriname,SUR,2010,..
Suriname,SUR,2011,..
Suriname,SUR,2012,..
Suriname,SUR,2013,5.298787674
Suriname,SUR,2014,5.783710901
Suriname,SUR,2015,6.080810393
Suriname,SUR,2016,7.258140181
Suriname,SUR,2017,5.433820449
Suriname,SUR,2018,..
Suriname,SUR,2019,..
,,,
,,,
,,,